Name;Alter;Stadt;Beruf
Ben;64;Stuttgart;Scientist
Clara;20;Bremen;Engineer
Eva;23;Hamburg;Manager
Clara;23;Cologne;Nurse
Anna;59;Dresden;Engineer
David;29;Leipzig;Artist
Clara;39;Stuttgart;Manager
Anna;41;Cologne;Teacher
Henry;56;Frankfurt;Manager
Felix;43;Stuttgart;Artist
John;26;Cologne;Designer
Anna;44;Cologne;Designer
Clara;44;Leipzig;Scientist
Henry;32;Dresden;Lawyer
Clara;21;Dresden;Consultant
John;58;Dresden;Engineer
Clara;59;Leipzig;Lawyer
David;43;Cologne;Consultant
David;44;Hamburg;Manager
Clara;37;Cologne;Scientist
David;57;Dresden;Manager
Eva;45;Leipzig;Doctor
Ben;33;Leipzig;Designer
Clara;28;Stuttgart;Designer
John;29;Munich;Nurse
Ben;40;Hamburg;Teacher
Eva;36;Hamburg;Consultant
Gina;25;Bremen;Teacher
Isabel;35;Munich;Designer
Clara;20;Stuttgart;Consultant
David;38;Bremen;Scientist
Anna;55;Frankfurt;Teacher
Anna;44;Berlin;Scientist
Gina;49;Hamburg;Doctor
Anna;39;Stuttgart;Artist
Gina;39;Stuttgart;Consultant
David;34;Berlin;Engineer
David;59;Bremen;Engineer
Isabel;52;Munich;Designer
Isabel;21;Munich;Doctor
Isabel;29;Berlin;Nurse
Clara;52;Cologne;Nurse
David;51;Bremen;Artist
Clara;30;Bremen;Artist
Anna;43;Frankfurt;Scientist
Isabel;55;Frankfurt;Lawyer
Isabel;31;Berlin;Lawyer
David;48;Dresden;Scientist
Isabel;54;Cologne;Engineer
Clara;20;Leipzig;Lawyer
Isabel;20;Cologne;Artist
Eva;56;Hamburg;Lawyer
David;25;Munich;Nurse
Anna;58;Munich;Lawyer
Eva;60;Hamburg;Designer
David;37;Munich;Artist
Gina;35;Frankfurt;Doctor
John;24;Hamburg;Scientist
Isabel;61;Stuttgart;Manager
Anna;62;Stuttgart;Nurse
Isabel;51;Stuttgart;Teacher
Felix;21;Hamburg;Engineer
John;21;Stuttgart;Lawyer
Anna;59;Leipzig;Teacher
John;61;Leipzig;Scientist
Gina;55;Düsseldorf;Lawyer
Felix;58;Munich;Manager
David;31;Düsseldorf;Manager
Ben;38;Leipzig;Doctor
Isabel;47;Hamburg;Scientist
Anna;20;Cologne;Artist
Eva;34;Munich;Nurse
John;55;Dresden;Manager
Gina;32;Stuttgart;Doctor
Felix;62;Dresden;Consultant
Henry;40;Dresden;Nurse
Isabel;31;Hamburg;Scientist
Isabel;24;Berlin;Doctor
John;26;Dresden;Designer
Clara;24;Munich;Consultant
Isabel;23;Dresden;Scientist
Gina;32;Berlin;Designer
Gina;56;Düsseldorf;Artist
John;60;Berlin;Artist
Ben;34;Frankfurt;Scientist
Gina;35;Bremen;Nurse
Isabel;40;Frankfurt;Doctor
Isabel;55;Cologne;Nurse
David;43;Cologne;Artist
Clara;35;Bremen;Engineer
David;33;Bremen;Designer
Gina;41;Leipzig;Lawyer
David;25;Berlin;Manager
Gina;61;Cologne;Doctor
Felix;55;Bremen;Manager
Henry;20;Leipzig;Consultant
Anna;51;Leipzig;Engineer
Isabel;25;Munich;Designer
Eva;50;Bremen;Doctor
Gina;20;Frankfurt;Manager
